id;cik;ccc;payment_amount;name;email;phone
1;Soap killer;haptic;Checking;Wooden;Estell_Schroeder81@yahoo.com;703-534-7371
2;matrix;Automotive digital;moratorium;Keyboard;Garnet65@gmail.com;(705) 529-2617 x7324
3;Steel haptic Key;Accountability;compressing Vermont;viral;Trent_Turner94@gmail.com;617.872.8360 x77638
4;synergies;open-source Kentucky;Reunion;connecting Netherlands connecting;Gabriel2@yahoo.com;1-961-850-6598 x628
5;Cheese reboot Borders;Table South;Shoes;Chair Brunei Buckinghamshire;Nathen_Ratke31@yahoo.com;229-561-0358 x6994
6;Russian pixel action-items;Salad robust Right-sized;neural-net back-end Algerian;Personal;Danyka_Hodkiewicz@hotmail.com;339-492-6965 x5059
7;3rd online teal;orchid synthesizing;Borders Mount TCP;Forest Persevering;Muhammad23@gmail.com;1-799-912-5262
8;Fish;networks wireless transmitting;utilisation compress Tactics;Rapid;Elvis26@hotmail.com;1-568-232-3430 x625
9;Garden maximize;Loan plug-and-play connect;Assimilated rich;mobile mobile;Janice.Runolfsdottir72@hotmail.com;780-404-7669
10;Frozen;solution-oriented;back rich Facilitator;Kids Alaska;Alberto58@gmail.com;1-681-482-1654 x028
